{
  "train_loss": [
    0.4307239452144776,
    0.23403650122666292,
    0.19525911734540047,
    0.1734658024400225,
    0.1627308866984296
  ],
  "train_acc": [
    0.8647506925207756,
    0.9244459833795013,
    0.9376038781163435,
    0.9436288088642659,
    0.9484072022160664
  ],
  "val_loss": [
    0.1464964986021135,
    0.24711438992718399,
    0.15339256267284315,
    0.06439480782403888,
    0.07965288226540923
  ],
  "val_acc": [
    0.9546778892845581,
    0.9180964713499514,
    0.9559728067335708,
    0.9799287795403043,
    0.973130462932988
  ]
}